2025-05-25,1,IT転職を目指す皆さんへの応援メッセージ☀️\n\n「挑戦するのが怖い」\n「今さら遅いのでは」\n「本当に自分にできるのか」\n\nそんな不安、私も抱えていました。\n\nでも勇気を出して飛び込んでみると、想像以上に多くの人が応援してくれることに気づきます。\n\n製造業から全く違う世界に飛び込むのは勇気がいりましたが、思い切って決断をして人生が変わりました。\n\nあなたも迷っているなら、一歩踏み出してみませんか？\n\n#日曜の朝 #新しい一歩

2025-05-25,1,プログラミング学習におすすめの無料リソース🎓\n\n・Progate：初心者向け、段階的に学べる\n・ドットインストール：3分動画で基礎をサクッと\n・Qiita：現役エンジニアの技術記事\n・MDN Web Docs：Web開発の公式ドキュメント\n・YouTube：解説動画が豊富\n\nお金をかける前に、まずは無料リソースで基礎を固めるのがおすすめ。\n\n「継続して手を動かす」ことが最も大切です。複数のリソースを組み合わせて自分に合った学習スタイルを見つけましょう！\n\n#独学 #プログラミング学習

2025-05-25,3,研修課題の最終調整中！完成に向けて頑張っています💻\n\nチーム開発で実感したこと：\n・個人開発と比べて複雑さが増す\n・コミュニケーションが成否を左右する\n・ドキュメントの重要性\n・スケジュール管理の難しさ\n\n特に「見えないものを作る」難しさを日々感じています。製造業ではまだ進捗が分かりやすかったですが、プログラミングは違いますね。\n\nでもだからこそ前職での「段取り力」が活きる場面も多い。異業種経験の価値を再認識中です\n\n#チーム開発 #研修課題

2025-05-25,3,「IT業界で働くメリット・デメリット」を率直にシェアします⚖️\n\nメリット：\n✅ 常に新しい知識が身につく\n✅ リモートワークなど働き方の自由度\n✅ 将来性の高い業界\n\nデメリット：\n⚠️ 常に学び続ける必要がある\n⚠️ 技術の変化が速い\n⚠️ 案件によって負荷にムラがある\n\n製造業と比べて「安定」より「変化」が多い世界かも。そしてその変化を楽しめる人には最高の環境かもしれませんね。\n\n#IT業界 #キャリア選択

2025-05-26,1,月曜の朝、新しい一週間の始まりです☀️\n\nIT転職で最も大切なマイン-ドセット：\n「わからない」を「まだわからない」に変える\n\nプログラミングは誰もが最初はわからないことだらけ。それを「能力不足」と捉えるか「成長機会」と捉えるかで、その後の伸びが大きく変わります。\n\n製造業からの転職で、この「学習マインドセット」への切り替えが最も大きな変化でした。\n\n今週も一緒に成長していきましょう！\n\n#マインドセット #継続学習

2025-05-26,1,【IT転職面接で聞かれることランキング】📊\n\n1位：転職理由\n2位：プログラミング学習の方法\n3位：前職の経験をどう活かせるか\n4位：困難をどう乗り越えたか\n5位：チーム開発の経験\n\n特に異業種からの転職では「なぜIT業界か」「どう前職の経験を活かせるか」が重要視されます。\n\n面接前に自分の言葉で語れるようストーリーを整理しておくと自信を持って臨めますよ！\n\n#面接対策 #転職準備

2025-05-26,3,研修課題の発表会が終わりました！👨‍💻\n\n苦労した点：\n・フロントとバックの連携\n・例外処理の実装\n・テスト工程の重要性\n\n製造業時代の「不具合の未然防止」の考え方が、エラーハンドリングに役立ちました。前職での経験が思わぬところで活きるのは面白いですね！\n\n他チームの発表からも多くの学びがあり、まだまだ成長できる可能性を感じています。\n\n次は実務に向けての準備です💪\n\n#チーム開発 #発表会

2025-05-26,3,「IT業界のキャリアパス」について考えてみました🛣️\n\n・技術スペシャリスト道（特定技術の専門家）\n・フルスタック道（幅広い技術に対応）\n・マネジメント道（チーム/プロジェクト管理）\n・コンサルタント道（提案/要件定義）\n\n製造業とは異なり、管理職=キャリアアップではなく、技術を極めるキャリアも同等に評価される点が魅力的。\n\n異業種からの転職者は、前職のスキルを活かした独自のキャリアを築ける可能性も大きいです！\n\n#キャリアプラン #IT業界

2025-05-27,1,火曜日の朝、IT転職を目指す皆さんへ☀️\n\n「何から勉強すれば良いか分からない」という方へ。\n\n重要なのは「広く浅く」ではなく「狭く深く」です。\n\n例えば：\n・HTML/CSS → JavaScriptという順で\n・Javaの基礎を徹底的に\n\nまずは一つの分野で「わかる！できる！」という成功体験を積むことが大切。小さな成功体験が自信につながります！\n\n今日も一緒に成長していきましょう🌱\n\n#学習戦略 #プログラミング初心者

2025-05-27,1,「IT転職でよくある失敗と対策」をシェアします🔍\n\n❌ すべての言語を浅く学ぶ\n⭕ 一つの言語を深く理解する\n\n❌ インプットばかりで手を動かさない\n⭕ 学んだらすぐに小さなプロジェクトを作る\n\n❌ 完璧を求めすぎる\n⭕ まずは動くものを作り、改良していく\n\n❌ 孤独に学び続ける\n⭕ コミュニティに参加し、仲間を見つける\n\n焦らず着実に、でも継続することが成功の鍵です！\n\n#IT転職 #失敗回避

2025-05-27,3,実務配属が決まりました！Webアプリケーション開発チームで6月からスタートします🎉\n\n期待と不安が入り混じっていますが、研修で学んだことを活かして頑張ります。\n\n特に製造業時代の「品質管理」「工程管理」の経験を開発プロセスに活かしていきたいと思います。\n\n異業種からの転職者だからこそ持てる視点で、チームに貢献できるよう努力します！\n\n引き続き、学びと成長の日々をシェアしていきますね😊\n\n#実務配属 #新たなスタート

2025-05-27,3,プログラミングで行き詰まったときの対処法🧠\n\n・30分考えてもわからなければ質問する\n・問題を言語化して説明してみる\n・いったん離れて気分転換する\n・シンプルな例で考え直す\n・コードを紙に書いてみる\n\n製造業時代は「わからない=恥ずかしい」と思っていましたが、IT業界では「質問上手=成長上手」だと気づきました。\n\n「わからない」を素直に認められる謙虚さも大切なスキルです！\n\n#問題解決 #デバッグ

2025-05-28,1,おはようございます☀️ 水曜日、週の真ん中ですね！\n\n「IT転職を考えている30代・40代の方へ」\n\n年齢よりも大切なのは「学習意欲」と「柔軟性」です。\n\n私自身、30代で製造業からIT業界に飛び込みましたが、社会人経験が強みになることも多いです：\n\n・ビジネスマナーがすでに身についている\n・責任感がある\n・効率的な学習方法を知っている\n\n「若い人ばかり」というイメージですが、実際はさまざまな年齢・経歴の方がいますよ！\n\n#年齢は関係ない #キャリアチェンジ

2025-05-28,1,IT転職で役立つ資格について考えてみました📚\n\n初心者におすすめの資格：\n・ITパスポート（IT全般の基礎知識）\n・基本情報技術者（プログラミングの基礎）\n\n実務に役立つ資格：\n・応用情報技術者\n・各種ベンダー資格（AWS、Oracle、Googleなど）\n\n資格よりも実務能力が重視される傾向にありますが、未経験からの転職では「学習意欲の証明」として資格取得は大きな武器になります！\n\n#IT資格 #スキルアップ

2025-05-28,3,実務に向けて不安なこと、楽しみなことをまとめてみました📋\n\n【不安】\n・実際の業務についていけるか\n・チームに貢献できるか\n・技術的な深さが足りるか\n\n【楽しみ】\n・実際のサービス開発に関われる\n・先輩エンジニアから学べる\n・成長スピードが加速する\n\n製造業からの転職で一番大変だったのは「見えないものを作る」感覚に慣れることでした。でも今ではその創造性が最大の魅力に感じています！\n\n#新人エンジニア #成長過程

2025-05-28,3,「IT業界の働き方改革」について思うこと🕰️\n\n・リモートワークの定着\n・フレックスタイム制の普及\n・成果主義の導入\n・副業・兼業の容認\n\n製造業と比べて働き方の自由度が高く、「ワークライフバランス」を重視する文化が広がっていると感じます。\n\nただし会社によって差が大きいので、転職活動では「働き方」についても質問することをおすすめします。\n\n自分に合った環境を選ぶことが長く働くコツです！\n\n#働き方改革 #ワークライフバランス