2025-05-21,1,おはようございます☀️ IT転職を目指す皆さんへ朝のエール！\n\n「30代からのプログラミング学習、間に合うのか？」\n\nその答えは断然YESです。\n\n私も全くの未経験から始めましたが、年齢より大切なのは：\n・学習への姿勢\n・地道な継続力\n・新しいことへの好奇心\n\nむしろ社会人経験があるからこそ、効率よく学べる部分も多い。\n\n年齢を言い訳にせず、一歩踏み出す勇気を持ちましょう🌱\n\n#朝活 #プログラミング学習

2025-05-21,1,【初心者がつまずきやすいプログラミングの壁】🧱\n\n1. 抽象的な概念の理解（関数、クラス、オブジェクトなど）\n2. エラーメッセージの解読\n3. デバッグの方法\n4. 開発環境の構築\n5. 独学での学習継続\n\nこれらの壁は、この道を目指す誰もが通る道です。\n\n壁を乗り越えるコツは「完璧を目指さない」こと。7割理解できたら先に進み、後から理解を深めていく方法が効果的です。\n\n諦めずに継続すれば、必ず突破できます💪\n\n#プログラミング初心者 #学習の壁

2025-05-21,3,今週の研修からJava+HTML/CSSを使った簡単なWebアプリを作ります🖥️\n\nチーム開発で大事な事：\n・設計の重要性（後から変更すると大変！）\n・コミュニケーションの大切さ\n・タスク分割の効率性\n・定期的な進捗確認の必要性\n\n製造業時代のプロジェクト経験が意外と役立っています。「見えないものを作る」難しさはありますが、工程管理の基本は同じだと実感！\n\n異業種経験者ならではの視点で貢献できるのが嬉しいです😊\n\n#Webアプリ開発 #チーム開発

2025-05-21,3,「IT業界は英語ができないと厳しい？」という質問をよく受けます🌍\n\n結論：完璧な英語力は必須ではないけれど、あると確実に有利！\n\n最低限必要なのは：\n・エラーメッセージを理解する力\n・技術ドキュメントを読む力\n・IT用語の基本的な理解\n\n私も英語は得意ではありませんが、少しずつ技術英語に慣れてきました。\n\nGoogle翻訳やDeepLも強い味方です。恐れずに挑戦してみてください！\n\n#英語学習 #IT英語

2025-05-22,1,水曜日の朝、IT転職を目指す皆さんへのメッセージ🌞\n\n「結局、何から勉強すればいいの？」という質問をよくいただきます。\n\n私の経験から言うと：\n\n1. HTML/CSS（Webの基本構造）\n2. JavaScript（動きをつける）\n3. Java/Python（バックエンド処理）\n\nこの順番で学ぶと、目に見える成果が出やすく挫折しにくいです！\n\n「すべてを学ぼう」とせず、まずは一つに集中するのがコツです✨\n\n#プログラミング初心者 #学習順序

2025-05-22,1,IT転職を成功させるためのポートフォリオ作成のコツ📂\n\n・シンプルで見やすいデザイン\n・技術スキルが伝わる具体例\n・課題と解決方法のストーリー\n・コードの公開（GitHub等）\n・自分の強みや個性を表現\n\n完璧なポートフォリオを目指すより、「自分がどう問題解決したか」が伝わるものを作りましょう。\n\n量より質！1〜2個の充実したプロジェクトの方が、たくさんの中途半端な作品より効果的です👍\n\n#ポートフォリオ #転職準備

2025-05-22,3,チーム開発で直面した課題と解決策💡\n\n課題：メンバー間の進捗の差\n解決：小さなタスクに分割し、定期的に共有\n\n課題：仕様の認識違い\n解決：設計書を詳細に作成し、レビュー\n\n課題：gitでのコンフリクト\n解決：ブランチ戦略の見直しとルール化\n\n製造業時代のチームワーク経験が活きる場面が多いです。前職での「報連相」の習慣が特に役立っています！\n\n異業種経験は必ず強みになります💪\n\n#チーム開発 #問題解決

2025-05-22,3,IT業界の働き方、入社して2ヶ月で感じること🕒\n\n・リモートワークの柔軟性\n・成果主義の文化\n・自己学習の重要性\n・フラットなコミュニケーション\n・常に変化への対応が求められる\n\n製造業と比べて「時間」より「成果」を重視する文化が新鮮です。\n\n「何時間働いたか」ではなく「何を達成したか」が評価される世界。この文化に慣れるまでは戸惑いましたが、今ではこの自由さがとても気に入っています！\n\n#働き方 #IT企業文化

2025-05-23,1,おはようございます☀️ 木曜日、もう少しで週末ですね！\n\n今日はIT転職において「ソフトスキル」の重要性についてシェアします👥\n\n・コミュニケーション能力\n・問題解決力\n・チームワーク\n・時間管理能力\n・学習意欲\n\nこれらは前職で既に培っているスキルのはず。「プログラミングができない」と不安になりがちですが、実は「人間力」も同じくらい大切なんです。\n\n異業種経験者の強みを活かしましょう！\n\n#ソフトスキル #転職準備

2025-05-23,1,【未経験からのIT転職、現実的な収入の話】💰\n\n「IT=高収入」というイメージがありますが、未経験からのスタートは現実的に見る必要があります。\n\n・未経験入社：前職と同等か少し下がる場合も\n・1〜3年目：徐々に上昇\n・スキル次第：その後の伸びは人それぞれ\n\n短期的な収入よりも「将来性」と「やりがい」を重視することが大切。\n\n目先の数字だけで判断せず、長期的なキャリアプランを考えましょう📈\n\n#年収事情 #キャリアプラン

2025-05-23,3,研修も残り1週間、制作課題のラストスパートです🔥\n\nJava + HTML/CSS + SQL を使ったWebアプリケーションを開発中！\n\n苦労している点：\n・フロントとバックの連携\n・例外処理の実装\n・UIの使いやすさ\n\n製造業時代の「品質管理」の考え方が、テスト工程で役立っています。前職では「不良品を出さない」ことに注力していましたが、それがそのままバグ対策に応用できるんですね！\n\n#Webアプリ開発 #研修課題

2025-05-23,3,「IT業界に転職して良かったこと」ランキング✨\n\n1位：常に新しい技術に触れられる知的刺激\n2位：リモートワークなど柔軟な働き方\n3位：年齢より実力が評価される文化\n4位：業界全体の将来性の安心感\n5位：自己成長を実感できる機会の多さ\n\n製造業からの転職で最も大きな変化は「学び続ける文化」。前職では「決められたことを正確に」でしたが、今は「自ら考え改善する」姿勢が求められる点が新鮮です！\n\n#IT転職体験 #キャリアチェンジ

2025-05-24,1,金曜日の朝、IT転職を目指す皆さんへのメッセージ🌞\n\n「転職活動を始めるタイミングはいつがベスト？」\n\nこの質問をよく受けますが、私の答えは「完璧なタイミングは来ない」です。\n\n基礎知識がついて、簡単なプログラムが書けるようになったら、まずは求人を見てみる。面接を受けてみる。それだけでも大きな学びになります。\n\n待っていても扉は開きません。自分で開けに行きましょう！\n\n#金曜日 #転職活動

2025-05-24,1,プログラミング学習における「わからない」の乗り越え方📝\n\n1. 問題を小さく分解する\n2. コードを紙に書いて考える\n3. 別の角度からアプローチする\n4. 休憩を取り、気分転換する\n5. 誰かに質問・説明してみる\n\n製造業時代は「わからない」＝「能力不足」と感じていましたが、IT業界では「わからない」は成長するチャンスなんです。\n\n「わからない」を恐れず、楽しめるようになると上達が早くなりますよ✨\n\n#学習法 #問題解決

2025-05-24,3,研修課題のデバッグ中...バグとの闘いは開発の醍醐味ですね🐞\n\nデバッグで学んだこと：\n・エラーメッセージを丁寧に読む習慣\n・原因の切り分け方法\n・問題の再現手順の明確化\n・ログの重要性\n\n製造業での「不具合調査」の経験が思いのほか役立っています！「問題→原因→対策」の論理的思考は業種を超えて価値があるんですね。\n\n異業種からの転職者は、こうした「考え方」の強みを活かせると実感します。\n\n#デバッグ #問題解決

2025-05-24,3,IT業界での人間関係について感じること👥\n\n・年齢よりも実力や姿勢が重視される\n・教え合いの文化がある\n・リモートでも協力できる工夫がされている\n・フラットな関係性が多い\n\n製造業と比べて「役職」よりも「スキル」が尊重される文化が新鮮です。\n\n最初は戸惑いましたが、この風通しの良さは異業種からの転職者にとって大きなメリット。自分の意見も言いやすく、学びやすい環境だと感じています！\n\n#職場環境 #IT企業文化